,ExperienceYears,Salary
0,12,138283.78522121973
1,12.5,143045.3581
2,13,147806.93100953224
3,13.5,152568.5039036885
4,15,166853.22258615727
5,16.5,181137.94126862602
